Abbey Wood,ABW,"['London, UK', 22683.0, 2303.0]"
Acton Central,ACC,"['London, UK', 12802.0, 1231.0]"
Acton Main Line,AML,"['London, UK', 13484.0, 1208.0]"
Addlestone,ASN,"['London, UK', 45387.0, 2843.0]"
Alexandra Palace,AAP,"['London, UK', 12080.0, 1487.0]"
Amersham,AMR,"['London, UK', 46101.0, 3159.0]"
Anerley,ANZ,"['London, UK', 14107.0, 1672.0]"
Angel Road,AGR,"['London, UK', 16062.0, 1825.0]"
Apsley,APS,"['London, UK', 46005.0, 2947.0]"
Ascot (Berks),ACT,"['London, UK', 49475.0, 3328.0]"
Ashford (Surrey),AFS,"['London, UK', 30116.0, 2419.0]"
Ashtead,AHD,"['London, UK', 31242.0, 2864.0]"
Balham,BAL,"['London, UK', 9403.0, 1088.0]"
Banstead,BAD,"['London, UK', 25361.0, 2628.0]"
Barbican,ZBB,"['London, UK', 2967.0, 461.0]"
Barking,BKG,"['London, UK', 17470.0, 1583.0]"
Barking Underground,ZBK,"['London, UK', 19021.0, 1582.0]"
Barnehurst,BNH,"['London, UK', 26837.0, 2316.0]"
Barnes Bridge,BNI,"['London, UK', 11295.0, 1390.0]"
Bat & Ball,BBL,"['London, UK', 45866.0, 3215.0]"
Battersea Park,BAK,"['London, UK', 4645.0, 574.0]"
Bayford,BAY,"['London, UK', 35954.0, 3453.0]"
Beaconsfield,BCF,"['London, UK', 42852.0, 2754.0]"
Beckenham Hill,BEC,"['London, UK', 15743.0, 1761.0]"
Beckenham Junction,BKJ,"['London, UK', 17393.0, 1878.0]"
Belvedere,BVD,"['London, UK', 23244.0, 2466.0]"
Berrylands,BRS,"['London, UK', 21191.0, 2093.0]"
Betchworth,BTO,"['London, UK', 35920.0, 3383.0]"
Bethnal Green,BET,"['London, UK', 5451.0, 787.0]"
Bexley,BXY,"['London, UK', 24579.0, 2143.0]"
Bexleyheath,BXH,"['London, UK', 23447.0, 2129.0]"
Bickley,BKL,"['London, UK', 21662.0, 2270.0]"
Birkbeck,BIK,"['London, UK', 14704.0, 1747.0]"
Blackhorse Road,BHO,"['London, UK', 14078.0, 1655.0]"
Bookham,BKA,"['London, UK', 40354.0, 3266.0]"
Borough Green & Wrotham,BRG,"['London, UK', 44837.0, 2998.0]"
Bowes Park,BOP,"['London, UK', 14010.0, 1698.0]"
Brentford,BFD,"['London, UK', 14609.0, 1496.0]"
Brentwood,BRE,"['London, UK', 47501.0, 2975.0]"
Bricket Wood,BWO,"['London, UK', 34492.0, 2429.0]"
Brimsdown,BMD,"['London, UK', 20567.0, 2207.0]"
Brixton,BRX,"['London, UK', 7011.0, 856.0]"
Brockley,BCY,"['London, UK', 10045.0, 1152.0]"
Bromley North,BMN,"['London, UK', 18810.0, 2070.0]"
Bromley South,BMS,"['London, UK', 19671.0, 2150.0]"
Brondesbury,BSY,"['London, UK', 9736.0, 1146.0]"
Brondesbury Park,BSP,"['London, UK', 8661.0, 1060.0]"
Brookmans Park,BPK,"['London, UK', 31063.0, 2708.0]"
Broxbourne,BXB,"['London, UK', 30555.0, 3178.0]"
Bruce Grove,BCV,"['London, UK', 12708.0, 1500.0]"
Burnham (Bucks),BNM,"['London, UK', 41452.0, 2557.0]"
Bush Hill Park,BHK,"['London, UK', 19435.0, 2124.0]"
Bushey,BSH,"['London, UK', 27005.0, 2572.0]"
Byfleet & New Haw,BFN,"['London, UK', 38463.0, 2923.0]"
Caledonian Rd & Barnsbury,CIR,"['London, UK', 5432.0, 744.0]"
Cambridge Heath,CBH,"['London, UK', 6256.0, 898.0]"
Camden Road,CMD,"['London, UK', 4861.0, 693.0]"
Canada Water,ZCW,"['London, UK', 6721.0, 835.0]"
Canonbury,CNN,"['London, UK', 5793.0, 895.0]"
Carpenders Park,CPK,"['London, UK', 29717.0, 2931.0]"
Carshalton,CSH,"['London, UK', 19581.0, 2149.0]"
Carshalton Beeches,CSB,"['London, UK', 21601.0, 2418.0]"
Castle Bar Park,CBP,"['London, UK', 20301.0, 1775.0]"
Caterham,CAT,"['London, UK', 29333.0, 3004.0]"
Catford,CTF,"['London, UK', 13018.0, 1425.0]"
Catford Bridge,CFB,"['London, UK', 13341.0, 1510.0]"
Chadwell Heath,CTH,"['London, UK', 23568.0, 2093.0]"
Chafford Hundred Lakeside,CFH,"['London, UK', 34512.0, 2334.0]"
Chalfont & Latimer,CFO,"['London, UK', 48910.0, 2952.0]"
Cheam,CHE,"['London, UK', 20782.0, 2293.0]"
Chelsfield,CLD,"['London, UK', 28845.0, 2725.0]"
Chertsey,CHY,"['London, UK', 45522.0, 2844.0]"
Cheshunt,CHN,"['London, UK', 26278.0, 2758.0]"
Chessington North,CSN,"['London, UK', 24787.0, 2291.0]"
Chessington South,CSS,"['London, UK', 25311.0, 2326.0]"
Chingford,CHI,"['London, UK', 22522.0, 2418.0]"
Chipstead,CHP,"['London, UK', 25661.0, 2710.0]"
Chislehurst,CIT,"['London, UK', 20227.0, 2126.0]"
Chiswick,CHK,"['London, UK', 10774.0, 1142.0]"
Chorleywood,CLW,"['London, UK', 45529.0, 2708.0]"
City Thameslink,CTK,"['London, UK', 1703.0, 264.0]"
Clandon,CLA,"['London, UK', 44861.0, 3151.0]"
Clapham Junction,CLJ,"['London, UK', 7630.0, 891.0]"
Claygate,CLG,"['London, UK', 27056.0, 2337.0]"
Clock House,CLK,"['London, UK', 15561.0, 1789.0]"
Cobham & Stoke d'Abernon,CSD,"['London, UK', 33988.0, 2765.0]"
Cookham,COO,"['London, UK', 47877.0, 3122.0]"
Coulsdon South,CDS,"['London, UK', 24380.0, 2545.0]"
Coulsdon Town,CDN,"['London, UK', 23899.0, 2483.0]"
Crayford,CRY,"['London, UK', 26414.0, 2293.0]"
Crews Hill,CWH,"['London, UK', 25271.0, 2677.0]"
Cricklewood,CRI,"['London, UK', 9603.0, 1170.0]"
Crofton Park,CFT,"['London, UK', 11143.0, 1238.0]"
Crystal Palace,CYP,"['London, UK', 12226.0, 1453.0]"
Cuffley,CUF,"['London, UK', 28503.0, 2902.0]"
Cuxton,CUX,"['London, UK', 49607.0, 3076.0]"
Dagenham Dock,DDK,"['London, UK', 24605.0, 1858.0]"
Dalston Junction,DLJ,"['London, UK', 6870.0, 941.0]"
Dalston Kingsland,DLK,"['London, UK', 7300.0, 1008.0]"
Dartford,DFD,"['London, UK', 29638.0, 2598.0]"
Datchet,DAT,"['London, UK', 33635.0, 2329.0]"
Denham,DNM,"['London, UK', 30945.0, 2195.0]"
Denham Golf Club,DGC,"['London, UK', 32827.0, 2314.0]"
Denmark Hill,DMK,"['London, UK', 6481.0, 798.0]"
Deptford,DEP,"['London, UK', 9022.0, 1064.0]"
Dorking Deepdene,DPD,"['London, UK', 39832.0, 3595.0]"
Dorking (Main),DKG,"['London, UK', 40622.0, 3419.0]"
Dorking West,DKT,"['London, UK', 41851.0, 3532.0]"
Dormans,DMS,"['London, UK', 45810.0, 4008.0]"
Drayton Green,DRG,"['London, UK', 20408.0, 1787.0]"
Drayton Park,DYP,"['London, UK', 6675.0, 910.0]"
Dunton Green,DNG,"['London, UK', 37020.0, 3330.0]"
Ealing Broadway,EAL,"['London, UK', 18295.0, 1746.0]"
Earlsfield,EAD,"['London, UK', 11176.0, 1260.0]"
Earlswood (Surrey),ELD,"['London, UK', 35722.0, 3526.0]"
East Croydon,ECR,"['London, UK', 18103.0, 2037.0]"
East Dulwich,EDW,"['London, UK', 9670.0, 1143.0]"
East Grinstead,EGR,"['London, UK', 49097.0, 4199.0]"
East Tilbury,ETL,"['London, UK', 46790.0, 2948.0]"
Ebbsfleet International,EBD,"['London, UK', 37598.0, 2596.0]"
Eden Park,EDN,"['London, UK', 18334.0, 2116.0]"
Edmonton Green,EDR,"['London, UK', 17957.0, 2011.0]"
Effingham Junction,EFF,"['London, UK', 39815.0, 3010.0]"
Egham,EGH,"['London, UK', 36953.0, 2525.0]"
Elephant & Castle,EPH,"['London, UK', 3529.0, 449.0]"
Elephant & Castle (Underground),ZEL,"['London, UK', 3536.0, 451.0]"
Elmers End,ELE,"['London, UK', 16013.0, 1877.0]"
Elmstead Woods,ESD,"['London, UK', 19591.0, 2046.0]"
Elstree & Borehamwood,ELS,"['London, UK', 23188.0, 2224.0]"
Eltham,ELW,"['London, UK', 15696.0, 1774.0]"
Emerson Park,EMP,"['London, UK', 29204.0, 2686.0]"
Enfield Chase,ENC,"['London, UK', 19677.0, 2304.0]"
Enfield Lock,ENL,"['London, UK', 22766.0, 2415.0]"
Enfield Town,ENF,"['London, UK', 19814.0, 2265.0]"
Epsom Downs,EPD,"['London, UK', 29237.0, 2686.0]"
Epsom (Surrey),EPS,"['London, UK', 27227.0, 2539.0]"
Erith,ERH,"['London, UK', 27288.0, 2562.0]"
Esher,ESH,"['London, UK', 27932.0, 2445.0]"
Essex Road,EXR,"['London, UK', 5863.0, 773.0]"
Ewell East,EWE,"['London, UK', 25885.0, 2392.0]"
Ewell West,EWW,"['London, UK', 25443.0, 2374.0]"
Eynsford,EYN,"['London, UK', 33877.0, 2924.0]"
Falconwood,FCN,"['London, UK', 17802.0, 1872.0]"
Farningham Road,FNR,"['London, UK', 33447.0, 2785.0]"
Farringdon,ZFD,"['London, UK', 2331.0, 346.0]"
Feltham,FEL,"['London, UK', 27593.0, 2289.0]"
Finchley Road & Frognal,FNY,"['London, UK', 10076.0, 1203.0]"
Finsbury Park,FPK,"['London, UK', 8124.0, 986.0]"
Ford,FOD,"['London, UK', 11411.0, 1338.0]"
Forest Gate,FOG,"['London, UK', 13035.0, 1435.0]"
Garston (Hertfordshire),GSN,"['London, UK', 31164.0, 2363.0]"
Gatwick Airport,GTW,"['London, UK', 45727.0, 3564.0]"
Gerrards Cross,GER,"['London, UK', 34997.0, 2370.0]"
Gidea Park,GDP,"['London, UK', 29086.0, 2628.0]"
Gipsy Hill,GIP,"['London, UK', 11532.0, 1383.0]"
Godstone,GDN,"['London, UK', 33037.0, 3174.0]"
Goodmayes,GMY,"['London, UK', 22246.0, 1891.0]"
Gordon Hill,GDH,"['London, UK', 21041.0, 2485.0]"
Gospel Oak,GPO,"['London, UK', 6758.0, 928.0]"
Gravesend,GRV,"['London, UK', 42389.0, 2895.0]"
Grays,GRY,"['London, UK', 36872.0, 2435.0]"
Green Lane,GNL,"['London, UK', 22380.0, 1903.0]"
Greenford,GFD,"['London, UK', 20044.0, 1683.0]"
Greenhithe,GNH,"['London, UK', 36437.0, 2686.0]"
Greenwich,GNW,"['London, UK', 11155.0, 1276.0]"
Grove Park,GRP,"['London, UK', 15222.0, 1659.0]"
Guildford,GLD,"['London, UK', 49894.0, 3212.0]"
Gunnersbury,GUN,"['London, UK', 12358.0, 1305.0]"
Hackbridge,HCB,"['London, UK', 17933.0, 1990.0]"
Hackney Central,HKC,"['London, UK', 8144.0, 1073.0]"
Hackney Downs,HAC,"['London, UK', 7890.0, 1010.0]"
Hackney Wick,HKW,"['London, UK', 9393.0, 1190.0]"
Hadley Wood,HDW,"['London, UK', 22784.0, 2645.0]"
Hampstead Heath,HDH,"['London, UK', 7695.0, 1031.0]"
Hampton Court,HMC,"['London, UK', 21520.0, 2369.0]"
Hampton (London),HMP,"['London, UK', 23594.0, 2578.0]"
Hampton Wick,HMW,"['London, UK', 21995.0, 2535.0]"
Harlesden,HDN,"['London, UK', 12108.0, 1400.0]"
Harlow Town,HWN,"['London, UK', 49011.0, 3091.0]"
Harold Wood,HRO,"['London, UK', 32461.0, 2815.0]"
Harringay,HGY,"['London, UK', 10606.0, 1269.0]"
Harringay Green Lanes,HRY,"['London, UK', 9956.0, 1193.0]"
Harrow & Wealdstone,HRW,"['London, UK', 23555.0, 2241.0]"
Harrow-on-the-Hill,HOH,"['London, UK', 21291.0, 2004.0]"
Hatch End,HTE,"['London, UK', 30488.0, 2524.0]"
Hatfield (Herts),HAT,"['London, UK', 35522.0, 2847.0]"
Haydons Road,HYR,"['London, UK', 13164.0, 1571.0]"
Hayes & Harlington,HAY,"['London, UK', 23465.0, 1932.0]"
Hayes (Kent),HYS,"['London, UK', 22595.0, 2381.0]"
Headstone Lane,HDL,"['London, UK', 29321.0, 2472.0]"
Heathrow Airport Terminal 4,HAF,"['London, UK', 27408.0, 2174.0]"
Heathrow Airport Terminal 5,HWV,"['London, UK', 32372.0, 2285.0]"
"Heathrow Airport Terminals 1, 2 and 3",HXX,"['London, UK', 27774.0, 2141.0]"
Hemel Hempstead,HML,"['London, UK', 42651.0, 2757.0]"
Hendon,HEN,"['London, UK', 13059.0, 1673.0]"
Herne Hill,HNH,"['London, UK', 7889.0, 934.0]"
Hersham,HER,"['London, UK', 30411.0, 2670.0]"
Hertford East,HFE,"['London, UK', 40254.0, 3358.0]"
Hertford North,HFN,"['London, UK', 47609.0, 3309.0]"
High Street Kensington Underground,ZHS,"['London, UK', 8401.0, 1050.0]"
Higham (Kent),HGM,"['London, UK', 48695.0, 3006.0]"
Highams Park,HIP,"['London, UK', 28674.0, 2158.0]"
Highbury & Islington,HHY,"['London, UK', 5672.0, 786.0]"
Hinchley Wood,HYW,"['London, UK', 25850.0, 2232.0]"
Hither Green,HGR,"['London, UK', 12672.0, 1422.0]"
Holmwood,HLM,"['London, UK', 45512.0, 3970.0]"
Homerton,HMN,"['London, UK', 11411.0, 1338.0]"
Honor Oak Park,HPA,"['London, UK', 12270.0, 1378.0]"
Horley,HOR,"['London, UK', 47701.0, 3740.0]"
Hornsey,HRN,"['London, UK', 10981.0, 1339.0]"
Hounslow,HOU,"['London, UK', 20721.0, 2077.0]"
How Wood (Herts),HWW,"['London, UK', 36513.0, 2625.0]"
Hoxton,HOX,"['London, UK', 5183.0, 703.0]"
Ilford,IFD,"['London, UK', 20369.0, 1741.0]"
Imperial Wharf,IMW,"['London, UK', 7212.0, 864.0]"
Isleworth,ISL,"['London, UK', 16739.0, 1841.0]"
Iver,IVR,"['London, UK', 35646.0, 2647.0]"
Kempton Park Racecourse,KMP,"['London, UK', 25165.0, 2278.0]"
Kemsing,KMS,"['London, UK', 42420.0, 3447.0]"
Kenley,KLY,"['London, UK', 22967.0, 2380.0]"
Kensal Green,KNL,"['London, UK', 10011.0, 1106.0]"
Kensal Rise,KNR,"['London, UK', 10124.0, 1156.0]"
Kensington Olympia,KPA,"['London, UK', 7240.0, 964.0]"
Kent House,KTH,"['London, UK', 15250.0, 1858.0]"
Kentish Town,KTN,"['London, UK', 5565.0, 753.0]"
Kentish Town West,KTW,"['London, UK', 5752.0, 806.0]"
Kew Bridge,KWB,"['London, UK', 12739.0, 1333.0]"
Kew Gardens,KWG,"['London, UK', 14958.0, 1594.0]"
Kidbrooke,KDB,"['London, UK', 13670.0, 1465.0]"
Kilburn High Road,KBN,"['London, UK', 7570.0, 931.0]"
Kings Langley,KGL,"['London, UK', 42196.0, 2868.0]"
Kingston,KNG,"['London, UK', 17512.0, 1900.0]"
Knebworth,KBW,"['London, UK', 47765.0, 3195.0]"
Knockholt,KCK,"['London, UK', 35036.0, 3230.0]"
Ladywell,LAD,"['London, UK', 11571.0, 1322.0]"
Langley (Berks),LNY,"['London, UK', 32957.0, 2367.0]"
Leatherhead,LHD,"['London, UK', 33226.0, 2946.0]"
Lee (London),LEE,"['London, UK', 13526.0, 1494.0]"
Lewisham,LEW,"['London, UK', 11551.0, 1373.0]"
Leyton Midland Road,LEM,"['London, UK', 12912.0, 1635.0]"
Leytonstone High Road,LER,"['London, UK', 13893.0, 1608.0]"
Limehouse,LHS,"['London, UK', 7233.0, 858.0]"
Lingfield,LFD,"['London, UK', 43704.0, 3834.0]"
London Blackfriars,BFR,"['London, UK', 2136.0, 315.0]"
London Bridge,LBG,"['London, UK', 3705.0, 470.0]"
London Cannon Street,CST,"['London, UK', 2670.0, 404.0]"
London Charing Cross,CHX,"['London, UK', 396.0, 87.0]"
London Euston,EUS,"['London, UK', 2731.0, 484.0]"
London Fenchurch Street,FST,"['London, UK', 3591.0, 559.0]"
London Fields,LOF,"['London, UK', 4821.0, 697.0]"
London Kings Cross,KGX,"['London, UK', 3579.0, 500.0]"
London Liverpool Street,LST,"['London, UK', 3664.0, 560.0]"
London Marylebone,MYB,"['London, UK', 2761.0, 571.0]"
London Paddington,PAD,"['London, UK', 5223.0, 698.0]"
London St Pancras International,STP,"['London, UK', 4427.0, 599.0]"
London St Pancras (Intl),SPX,"['London, UK', 4427.0, 599.0]"
London Victoria,VIC,"['London, UK', 2519.0, 388.0]"
London Waterloo,WAT,"['London, UK', 2468.0, 374.0]"
London Waterloo East,WAE,"['London, UK', 1786.0, 276.0]"
Longcross,LNG,"['London, UK', 49076.0, 2984.0]"
Longfield,LGF,"['London, UK', 37549.0, 2735.0]"
Loughborough Junction,LGJ,"['London, UK', 6542.0, 787.0]"
Lower Sydenham,LSY,"['London, UK', 14229.0, 1722.0]"
Maidenhead,MAI,"['London, UK', 48085.0, 2871.0]"
Malden Manor,MAL,"['London, UK', 20058.0, 2042.0]"
Manor Park,MNP,"['London, UK', 16023.0, 1419.0]"
Maryland,MYL,"['London, UK', 11798.0, 1313.0]"
Maze Hill,MZH,"['London, UK', 11877.0, 1374.0]"
Meopham,MEP,"['London, UK', 44213.0, 2897.0]"
Merstham,MHM,"['London, UK', 31130.0, 2976.0]"
Mill Hill Broadway,MIL,"['London, UK', 17489.0, 1815.0]"
Mitcham Eastfields,MTC,"['London, UK', 13574.0, 1535.0]"
Mitcham Junction,MIJ,"['London, UK', 15704.0, 1819.0]"
Moorgate,MOG,"['London, UK', 3601.0, 533.0]"
Morden South,MDS,"['London, UK', 17257.0, 2027.0]"
Mortlake,MTL,"['London, UK', 13334.0, 1425.0]"
Motspur Park,MOT,"['London, UK', 19616.0, 1987.0]"
Mottingham,MTG,"['London, UK', 17027.0, 1839.0]"
New Barnet,NBA,"['London, UK', 18795.0, 2160.0]"
New Beckenham,NBC,"['London, UK', 14709.0, 1785.0]"
New Cross,NWX,"['London, UK', 8557.0, 935.0]"
New Cross Gate,NXG,"['London, UK', 8238.0, 901.0]"
New Eltham,NEH,"['London, UK', 17488.0, 1862.0]"
New Malden,NEM,"['London, UK', 19167.0, 1920.0]"
New Southgate,NSG,"['London, UK', 14894.0, 1758.0]"
Norbiton,NBT,"['London, UK', 17083.0, 1891.0]"
North Dulwich,NDL,"['London, UK', 8885.0, 1084.0]"
North Sheen,NSH,"['London, UK', 13657.0, 1424.0]"
North Wembley,NWB,"['London, UK', 20469.0, 1885.0]"
Northfleet,NFL,"['London, UK', 38640.0, 2678.0]"
Northolt Park,NLT,"['London, UK', 23555.0, 1928.0]"
Northumberland Park,NUM,"['London, UK', 14420.0, 1745.0]"
Norwood Junction,NWD,"['London, UK', 15264.0, 1742.0]"
Nunhead,NHD,"['London, UK', 9081.0, 1101.0]"
Nutfield,NUF,"['London, UK', 34500.0, 3340.0]"
Oakleigh Park,OKL,"['London, UK', 15897.0, 1962.0]"
Ockendon,OCK,"['London, UK', 34260.0, 2331.0]"
Old Street,OLD,"['London, UK', 3893.0, 543.0]"
Orpington,ORP,"['London, UK', 25102.0, 2609.0]"
Otford,OTF,"['London, UK', 40412.0, 3221.0]"
Outwood,OUT,"['London, UK', 40488.0, 3776.0]"
Oxshott,OXS,"['London, UK', 30839.0, 2504.0]"
Oxted,OXT,"['London, UK', 36199.0, 3373.0]"
Palmers Green,PAL,"['London, UK', 15550.0, 1857.0]"
Park Street,PKT,"['London, UK', 37865.0, 2626.0]"
Peckham Rye,PMR,"['London, UK', 9083.0, 1068.0]"
Penge East,PNE,"['London, UK', 14317.0, 1676.0]"
Penge West,PNW,"['London, UK', 13918.0, 1696.0]"
Petts Wood,PET,"['London, UK', 23459.0, 2446.0]"
Plumstead,PLU,"['London, UK', 18359.0, 2011.0]"
Ponders End,PON,"['London, UK', 20089.0, 2204.0]"
Potters Bar,PBR,"['London, UK', 29499.0, 2573.0]"
Purfleet,PFL,"['London, UK', 30105.0, 2183.0]"
Purley,PUR,"['London, UK', 21089.0, 2225.0]"
Purley Oaks,PUO,"['London, UK', 20667.0, 2291.0]"
Putney,PUT,"['London, UK', 8802.0, 1116.0]"
Queens Park (London),QPW,"['London, UK', 8140.0, 1029.0]"
Queens Road (Peckham),QRP,"['London, UK', 7745.0, 857.0]"
Queenstown Road (Battersea),QRB,"['London, UK', 5628.0, 698.0]"
Radlett,RDT,"['London, UK', 28088.0, 2697.0]"
Rainham (Essex),RNM,"['London, UK', 26091.0, 2044.0]"
Ravensbourne,RVB,"['London, UK', 13267.0, 1615.0]"
Raynes Park,RAY,"['London, UK', 18589.0, 1862.0]"
Rectory Road,REC,"['London, UK', 8880.0, 1178.0]"
Redbridge,RDB,"['London, UK', 19412.0, 2116.0]"
Redhill,RDH,"['London, UK', 33914.0, 3263.0]"
Reedham (Surrey),RHM,"['London, UK', 22444.0, 2369.0]"
Reigate,REI,"['London, UK', 36452.0, 3484.0]"
Richmond (London),RMD,"['London, UK', 0.0, 0.0]"
Rickmansworth,RIC,"['London, UK', 44466.0, 2795.0]"
Riddlesdown,RDD,"['London, UK', 22924.0, 2478.0]"
Roche,ROC,"['London, UK', 45491.0, 3124.0]"
Romford,RMF,"['London, UK', 26534.0, 2391.0]"
Rotherhithe,ROE,"['London, UK', 6939.0, 865.0]"
Rye House,RYH,"['London, UK', 35912.0, 3368.0]"
Salfords (Surrey),SAF,"['London, UK', 37845.0, 3635.0]"
Sanderstead,SNR,"['London, UK', 22558.0, 2371.0]"
Seer Green & Jordans,SRG,"['London, UK', 44112.0, 2762.0]"
Selhurst,SRS,"['London, UK', 15869.0, 1730.0]"
Seven Kings,SVK,"['London, UK', 22407.0, 1944.0]"
Sevenoaks,SEV,"['London, UK', 45856.0, 3318.0]"
Shenfield,SNF,"['London, UK', 48736.0, 3110.0]"
Shepherd's Bush,SPB,"['London, UK', 8252.0, 989.0]"
Shepperton,SHP,"['London, UK', 29484.0, 2728.0]"
Shoreditch High Street,SDC,"['London, UK', 4533.0, 660.0]"
Shoreham (Kent),SEH,"['London, UK', 37617.0, 3023.0]"
Shortlands,SRT,"['London, UK', 19840.0, 2155.0]"
Sidcup,SID,"['London, UK', 21445.0, 2139.0]"
Slade Green,SGR,"['London, UK', 28751.0, 2499.0]"
Slough,SLO,"['London, UK', 38852.0, 2502.0]"
Sole Street,SOR,"['London, UK', 44581.0, 2930.0]"
South Acton,SAT,"['London, UK', 12179.0, 1377.0]"
South Bermondsey,SBM,"['London, UK', 7002.0, 804.0]"
South Croydon,SCY,"['London, UK', 19386.0, 2094.0]"
South Greenford,SGN,"['London, UK', 19958.0, 1610.0]"
South Hampstead,SOH,"['London, UK', 7904.0, 1024.0]"
South Kenton,SOK,"['London, UK', 17129.0, 2046.0]"
South Merton,SMO,"['London, UK', 15913.0, 1793.0]"
South Ruislip,SRU,"['London, UK', 24582.0, 1916.0]"
South Tottenham,STO,"['London, UK', 11188.0, 1348.0]"
Southall,STL,"['London, UK', 23808.0, 2158.0]"
Southbury,SBU,"['London, UK', 19798.0, 2094.0]"
St Albans,SAC,"['London, UK', 39860.0, 2900.0]"
St Albans Abbey,SAA,"['London, UK', 39008.0, 2799.0]"
St Helier (Surrey),SIH,"['London, UK', 17049.0, 1887.0]"
St James Street (Walthamstow),SJS,"['London, UK', 13014.0, 1644.0]"
St Johns (London),SAJ,"['London, UK', 9953.0, 1083.0]"
St Margarets (Herts),SMT,"['London, UK', 36679.0, 3177.0]"
St Margarets (London),SMG,"['London, UK', 1309.0, 233.0]"
St Mary Cray,SMY,"['London, UK', 24828.0, 2385.0]"
Staines,SNS,"['London, UK', 36603.0, 2549.0]"
Stamford Hill,SMH,"['London, UK', 9836.0, 1212.0]"
Stanford-le-Hope,SFO,"['London, UK', 42846.0, 2698.0]"
Stoke Newington,SKW,"['London, UK', 7867.0, 1082.0]"
Stone Crossing,SCG,"['London, UK', 35048.0, 2602.0]"
Stonebridge Park,SBP,"['London, UK', 14289.0, 1624.0]"
Stratford International,SFA,"['London, UK', 11713.0, 1392.0]"
Stratford (London),SRA,"['London, UK', 11816.0, 1292.0]"
Strawberry Hill,STW,"['London, UK', 19379.0, 2088.0]"
Streatham Common,SRC,"['London, UK', 11773.0, 1358.0]"
Streatham Hill,SRH,"['London, UK', 8405.0, 969.0]"
Streatham(Greater London),STE,"['London, UK', 11242.0, 1301.0]"
Strood (Kent),SOO,"['London, UK', 48311.0, 3008.0]"
Sudbury & Harrow Road,SUD,"['London, UK', 18634.0, 1689.0]"
Sudbury Hill Harrow,SDH,"['London, UK', 21429.0, 1787.0]"
Sunbury,SUU,"['London, UK', 26090.0, 2389.0]"
Sundridge Park,SUP,"['London, UK', 18262.0, 2037.0]"
Sunningdale,SNG,"['London, UK', 42994.0, 2914.0]"
Sunnymeads,SNY,"['London, UK', 35413.0, 2491.0]"
Surbiton,SUR,"['London, UK', 19252.0, 2201.0]"
Sutton Common,SUC,"['London, UK', 18819.0, 2148.0]"
Sutton (Surrey),SUO,"['London, UK', 19995.0, 2287.0]"
Swanley,SAY,"['London, UK', 26759.0, 2377.0]"
Swanscombe,SWM,"['London, UK', 36897.0, 2730.0]"
Sydenham Hill,SYH,"['London, UK', 11689.0, 1395.0]"
Sydenham (London),SYD,"['London, UK', 12842.0, 1564.0]"
Syon Lane,SYL,"['London, UK', 15620.0, 1529.0]"
Tadworth,TAD,"['London, UK', 29928.0, 2992.0]"
Taplow,TAP,"['London, UK', 43273.0, 2732.0]"
Tattenham Corner,TAT,"['London, UK', 30068.0, 2778.0]"
Teddington,TED,"['London, UK', 20531.0, 2177.0]"
Thames Ditton,THD,"['London, UK', 22969.0, 2576.0]"
Theobalds Grove,TEO,"['London, UK', 25357.0, 2658.0]"
Thornton Heath,TTH,"['London, UK', 14943.0, 1640.0]"
Three Bridges,TBD,"['London, UK', 49954.0, 3786.0]"
Tilbury Town,TIL,"['London, UK', 42798.0, 2701.0]"
Tolworth,TOL,"['London, UK', 21585.0, 2031.0]"
Tooting,TOO,"['London, UK', 12070.0, 1388.0]"
Tottenham Hale,TOM,"['London, UK', 12729.0, 1540.0]"
Tulse Hill,TUH,"['London, UK', 8964.0, 1101.0]"
Turkey Street,TUR,"['London, UK', 22485.0, 2327.0]"
Twickenham,TWI,"['London, UK', 18426.0, 1981.0]"
Upminster,UPM,"['London, UK', 36237.0, 2592.0]"
Upper Halliford,UPH,"['London, UK', 27384.0, 2510.0]"
Upper Holloway,UHL,"['London, UK', 7410.0, 971.0]"
Upper Warlingham,UWL,"['London, UK', 25755.0, 2659.0]"
Vauxhall,VXH,"['London, UK', 214.0, 61.0]"
Virginia Water,VIR,"['London, UK', 41309.0, 2880.0]"
Waddon,WDO,"['London, UK', 17922.0, 1907.0]"
Wallington,WLT,"['London, UK', 19201.0, 2130.0]"
Waltham Cross,WLC,"['London, UK', 24609.0, 2571.0]"
Walthamstow Central,WHC,"['London, UK', 13680.0, 1726.0]"
Walthamstow Queen's Road,WMW,"['London, UK', 13460.0, 1722.0]"
Walton-on-Thames,WAL,"['London, UK', 27236.0, 2845.0]"
Wandsworth Common,WSW,"['London, UK', 9389.0, 1114.0]"
Wandsworth Road,WWR,"['London, UK', 5257.0, 640.0]"
Wandsworth Town,WNT,"['London, UK', 8748.0, 1031.0]"
Wanstead Park,WNP,"['London, UK', 13510.0, 1509.0]"
Wapping,WPE,"['London, UK', 4866.0, 596.0]"
Ware (Herts),WAR,"['London, UK', 38634.0, 3388.0]"
Watford High Street,WFH,"['London, UK', 33012.0, 2497.0]"
Watford Junction,WFJ,"['London, UK', 32393.0, 2517.0]"
Watford North,WFN,"['London, UK', 31259.0, 2423.0]"
Welham Green,WMG,"['London, UK', 31434.0, 2657.0]"
Welling,WLI,"['London, UK', 19127.0, 2011.0]"
Welwyn Garden City,WGC,"['London, UK', 40944.0, 3023.0]"
Welwyn North,WLW,"['London, UK', 43871.0, 3002.0]"
Wembley Central,WMB,"['London, UK', 18213.0, 1697.0]"
Wembley Stadium,WCX,"['London, UK', 15917.0, 1797.0]"
West Brompton,WBP,"['London, UK', 5934.0, 844.0]"
West Byfleet,WBY,"['London, UK', 43169.0, 3059.0]"
West Croydon,WCY,"['London, UK', 16584.0, 1874.0]"
West Drayton,WDT,"['London, UK', 25984.0, 1995.0]"
West Dulwich,WDU,"['London, UK', 10428.0, 1158.0]"
West Ealing,WEA,"['London, UK', 19897.0, 1689.0]"
West Ham,WEH,"['London, UK', 12287.0, 1401.0]"
West Hampstead,WHD,"['London, UK', 9114.0, 1058.0]"
West Hampstead Thameslink,WHP,"['London, UK', 9319.0, 1096.0]"
West Horndon,WHR,"['London, UK', 44966.0, 2738.0]"
West Norwood,WNW,"['London, UK', 10357.0, 1200.0]"
West Ruislip,WRU,"['London, UK', 28499.0, 2067.0]"
West Sutton,WSU,"['London, UK', 19935.0, 2257.0]"
West Wickham,WWI,"['London, UK', 19518.0, 2218.0]"
Westcombe Park,WCB,"['London, UK', 13890.0, 1531.0]"
Weybridge,WYB,"['London, UK', 46697.0, 2920.0]"
White Hart Lane,WHL,"['London, UK', 13723.0, 1622.0]"
Whitechapel,ZWL,"['London, UK', 4879.0, 586.0]"
Whitton (London),WTN,"['London, UK', 20515.0, 2044.0]"
Whyteleafe,WHY,"['London, UK', 25774.0, 2637.0]"
Whyteleafe South,WHS,"['London, UK', 26282.0, 2658.0]"
Willesden Junction,WIJ,"['London, UK', 14695.0, 1359.0]"
Wimbledon,WIM,"['London, UK', 14315.0, 1719.0]"
Wimbledon Chase,WBO,"['London, UK', 15141.0, 1775.0]"
Winchmore Hill,WIH,"['London, UK', 16888.0, 2050.0]"
Windsor & Eton Central,WNC,"['London, UK', 40194.0, 2601.0]"
Windsor & Eton Riverside,WNR,"['London, UK', 35978.0, 2527.0]"
Woldingham,WOH,"['London, UK', 29851.0, 3108.0]"
Woodgrange Park,WGR,"['London, UK', 14190.0, 1537.0]"
Woodmansterne,WME,"['London, UK', 24842.0, 2661.0]"
Woolwich Arsenal,WWA,"['London, UK', 18082.0, 1953.0]"
Woolwich Dockyard,WWD,"['London, UK', 16411.0, 1772.0]"
Worcester Park,WCP,"['London, UK', 20205.0, 1990.0]"
Wraysbury,WRY,"['London, UK', 36241.0, 2437.0]"
